<?xml version="1.0" encoding="UTF-8"?>
<!DOCTYPE tiles-definitions PUBLIC "-//Apache Software Foundation//DTD Tiles Configuration 3.0//EN" "http://tiles.apache.org/dtds/tiles-config_3_0.dtd">
<tiles-definitions>
  <definition name="main" template="/WEB-INF/main/main.jsp">
    <put-attribute name="header" value="/WEB-INF/main/header.jsp"/>
    <put-attribute name="content" value="/WEB-INF/main/content.jsp"/>
    <put-attribute name="footer" value="/WEB-INF/main/footer.jsp"/>
  </definition>
  <definition name="*/*" extends="main">
    <put-attribute name="content" value="/WEB-INF/{1}/{2}.jsp"/>
  </definition>
  <definition name="*/*/*" extends="main">
    <put-attribute name="content" value="/WEB-INF/{1}/{2}/{3}.jsp"/>
  </definition>
  <!-- <definition name="login" template="/WEB-INF/member/login.jsp">
  </definition>
  <definition name="join" template="/WEB-INF/member/join.jsp">
  </definition> -->
</tiles-definitions>
