<?xml version="1.0" encoding="UTF-8"?>
<!DOCTYPE tiles-definitions PUBLIC  "-//Apache Software Foundation//DTD Tiles Configuration 3.0//EN"  "http://tiles.apache.org/dtds/tiles-config_3_0.dtd">
<tiles-definitions>
	<definition name="main" template="/WEB-INF/main/main.jsp">
		<put-attribute name="header" value="/WEB-INF/main/header.jsp"></put-attribute>
		<put-attribute name="menu" value="/WEB-INF/main/menu.jsp"></put-attribute>
		<put-attribute name="content" value="/WEB-INF/main/content.jsp"></put-attribute>
		<put-attribute name="footer" value="/WEB-INF/main/footer.jsp"></put-attribute>
	</definition>
	<definition name="board/list">
		<put-attribute name="content"></put-attribute>
	</definition>
</tiles-definitions>